Context,ContextFile
Unpleasant,2053.jpg
Unpleasant,2141.jpg
Unpleasant,2205.jpg
Unpleasant,2276.jpg
Unpleasant,2301.jpg
Unpleasant,2345.1.jpg
Unpleasant,2375.1.jpg
Unpleasant,2455.jpg
Unpleasant,2456.jpg
Unpleasant,2490.jpg
Unpleasant,2691.jpg
Unpleasant,2703.jpg
Unpleasant,2717.jpg
Unpleasant,2751.jpg
Unpleasant,2799.jpg
Unpleasant,2900.jpg
Unpleasant,3180.jpg
Unpleasant,3220.jpg
Unpleasant,3230.jpg
Unpleasant,3300.jpg
Unpleasant,6200.jpg
Unpleasant,6220.jpg
Unpleasant,6242.jpg
Unpleasant,6311.jpg
Unpleasant,6571.jpg
Unpleasant,6825.jpg
Unpleasant,6831.jpg
Unpleasant,6838.jpg
Unpleasant,7359.jpg
Unpleasant,7380.jpg
Unpleasant,9007.jpg
Unpleasant,9031.jpg
Unpleasant,9120.jpg
Unpleasant,9145.jpg
Unpleasant,9184.jpg
Unpleasant,9185.jpg
Unpleasant,9220.jpg
Unpleasant,9290.jpg
Unpleasant,9291.jpg
Unpleasant,9295.jpg
Unpleasant,9330.jpg
Unpleasant,9332.jpg
Unpleasant,9340.jpg
Unpleasant,9342.jpg
Unpleasant,9400.jpg
Unpleasant,9415.jpg
Unpleasant,9419.jpg
Unpleasant,9423.jpg
Unpleasant,9424.jpg
Unpleasant,9425.jpg
Unpleasant,9426.jpg
Unpleasant,9427.jpg
Unpleasant,9428.jpg
Unpleasant,9430.jpg
Unpleasant,9452.jpg
Unpleasant,9470.jpg
Unpleasant,9491.jpg
Unpleasant,9520.jpg
Unpleasant,9530.jpg
Unpleasant,9561.jpg
Unpleasant,9571.jpg
Unpleasant,9590.jpg
Unpleasant,9599.jpg
Unpleasant,9611.jpg
Unpleasant,9830.jpg
Unpleasant,9832.jpg
Unpleasant,9900.jpg
Unpleasant,9903.jpg
Unpleasant,9905.jpg
Unpleasant,9909.jpg
Unpleasant,9911.jpg
Unpleasant,9920.jpg
Pleasant,1440.jpg
Pleasant,1441.jpg
Pleasant,1460.jpg
Pleasant,1463.jpg
Pleasant,1600.jpg
Pleasant,1604.jpg
Pleasant,1610.jpg
Pleasant,1630.jpg
Pleasant,1710.jpg
Pleasant,1920.jpg
Pleasant,2035.jpg
Pleasant,2040.jpg
Pleasant,2045.jpg
Pleasant,2050.jpg
Pleasant,2058.jpg
Pleasant,2070.jpg
Pleasant,2071.jpg
Pleasant,2080.jpg
Pleasant,2091.jpg
Pleasant,2154.jpg
Pleasant,2156.jpg
Pleasant,2216.jpg
Pleasant,2260.jpg
Pleasant,2304.jpg
Pleasant,2311.jpg
Pleasant,2314.jpg
Pleasant,2332.jpg
Pleasant,2340.jpg
Pleasant,2341.jpg
Pleasant,2345.jpg
Pleasant,2347.jpg
Pleasant,2360.jpg
Pleasant,2387.jpg
Pleasant,2388.jpg
Pleasant,2395.jpg
Pleasant,2398.jpg
Pleasant,2530.jpg
Pleasant,2550.jpg
Pleasant,2598.jpg
Pleasant,2650.jpg
Pleasant,4622.jpg
Pleasant,4626.jpg
Pleasant,5000.jpg
Pleasant,5001.jpg
Pleasant,5200.jpg
Pleasant,5202.jpg
Pleasant,5210.jpg
Pleasant,5551.jpg
Pleasant,5725.jpg
Pleasant,5760.jpg
Pleasant,5780.jpg
Pleasant,5811.jpg
Pleasant,5825.jpg
Pleasant,5829.jpg
Pleasant,5830.jpg
Pleasant,5831.jpg
Pleasant,5833.jpg
Pleasant,5836.jpg
Pleasant,7200.jpg
Pleasant,7230.jpg
Pleasant,7270.jpg
Pleasant,7330.jpg
Pleasant,7470.jpg
Pleasant,7480.jpg
Pleasant,7492.jpg
Pleasant,8210.jpg
Pleasant,8380.jpg
Pleasant,8420.jpg
Pleasant,8461.jpg
Pleasant,8496.jpg
Pleasant,8497.jpg
Pleasant,8540.jpg
